<?xml version="1.0" encoding="UTF-8"?>
<project-private xmlns="http://www.netbeans.org/ns/project-private/1">
    <editor-bookmarks xmlns="http://www.netbeans.org/ns/editor-bookmarks/2" lastBookmarkId="0"/>
    <open-files xmlns="http://www.netbeans.org/ns/projectui-open-files/2">
        <group>
            <file>file:/Users/Teri/NetBeansProjects/JavaAssignment4/src/javaassignment4/Animaloid.java</file>
            <file>file:/Users/Teri/NetBeansProjects/JavaAssignment4/src/javaassignment4/Bloboid.java</file>
            <file>file:/Users/Teri/NetBeansProjects/JavaAssignment4/src/javaassignment4/Humanoid.java</file>
            <file>file:/Users/Teri/NetBeansProjects/JavaAssignment4/src/javaassignment4/Status.java</file>
            <file>file:/Users/Teri/NetBeansProjects/JavaAssignment4/src/javaassignment4/Alien.java</file>
            <file>file:/Users/Teri/NetBeansProjects/JavaAssignment4/src/javaassignment4/JavaAssignment4.java</file>
        </group>
    </open-files>
</project-private>
