<?xml version="1.0" encoding="UTF-8"?>
<project-private xmlns="http://www.netbeans.org/ns/project-private/1">
    <editor-bookmarks xmlns="http://www.netbeans.org/ns/editor-bookmarks/2" lastBookmarkId="0"/>
    <open-files xmlns="http://www.netbeans.org/ns/projectui-open-files/2">
        <group>
            <file>file:/Users/Teri/NetBeansProjects/CMPS-360/3b2_socketmckoidb/src/socketmckoidb/TestChangeSched.java</file>
            <file>file:/Users/Teri/NetBeansProjects/CMPS-360/3b2_socketmckoidb/src/socketmckoidb/ListQuerys.java</file>
            <file>file:/Users/Teri/NetBeansProjects/CMPS-360/3b2_socketmckoidb/src/socketmckoidb/Main.java</file>
            <file>file:/Users/Teri/NetBeansProjects/CMPS-360/3b2_socketmckoidb/src/socketmckoidb/AddQuerys.java</file>
            <file>file:/Users/Teri/NetBeansProjects/CMPS-360/3b2_socketmckoidb/src/socketmckoidb/TestGetAddresses.java</file>
            <file>file:/Users/Teri/NetBeansProjects/CMPS-360/3b2_socketmckoidb/src/socketmckoidb/MakeDB.java</file>
        </group>
    </open-files>
</project-private>
